,SurfType,Comment,Radius,Thickness,Material,Coating,Clear Semi-Dia,Chip Zone,Mech Semi-Dia,Conic,TCE x 1E-6
0,Standard,Lens3,-405.0212838703892,13.358953782441748,,,85.0,0.0,85.0,-7.496034329682,0.0
1,Standard,Lens2_back,480.14107458414446,12.21834976350085,SILICON_COLD,,85.0,0.0,85.0,-6.629977505461,inf
2,Standard,Lens1,-928.9311106402729,10.080209328603548,,,100.0,0.0,100.0,-22.76300166433,0.0
