,SurfType,Comment,Radius,Thickness,Material,Coating,Semi-Diameter,Chip Zone,Mech Semi-Dia,Conic,TCE x 1E-6,Extrapolate,X Radius,X Conic,Max Zern Terms,Norm Radius,X^1,X^2,X^3,X^4,X^5,X^6,X^7,X^8,X^9,X^10,X^11,X^12,X^13,X^14,X^15,X^16,Y^1,Y^2,Y^3,Y^4,Y^5,Y^6,Y^7,Y^8,Y^9,Y^10,Y^11,Y^12,Y^13,Y^14,Y^15,Y^16
0,Biconic Zernike,Lens1,954.850738647191,10.205580437096312,SILICON_COLD,,100.0,inf,inf,-1.24430173448,inf,0,837.7413966287,-44.37260713697,0,100.0,0.0,4.712377116787e-06,0.0,9.4851010861e-11,0.0,-4.21535719334e-15,0.0,-1.474646030902e-18,0.0,-3.064035352456e-22,0.0,-6.587900091075e-28,0.0,0.0,0.0,0.0,0.0,6.727699140738e-12,0.0,4.429927535317e-14,0.0,-9.327813396552e-15,0.0,-9.11213908279e-19,0.0,-9.112202418405e-23,0.0,2.106463884058e-28,0.0,0.0,0.0,0.0
1,Biconic Zernike,lens2_b,-421.9290065609246,0.0,,,85.1128286089692,inf,inf,-6.275986347292,0.0,0,-432.2883644694,-5.355485012231,0,100.0,0.0,-7.007880518605e-08,0.0,3.844740463295e-11,0.0,-1.61308971058e-13,0.0,5.633541609315e-21,0.0,4.462115645846e-25,0.0,-3.933198636587e-26,0.0,0.0,0.0,0.0,0.0,2.396723496929e-06,0.0,3.282070508002e-11,0.0,-5.23084239767e-15,0.0,-1.257514615879e-18,0.0,-2.350525381509e-22,0.0,-3.990758779901e-26,0.0,0.0,0.0,0.0
2,Biconic Zernike,LENS3,318.32860351078114,14.152419174108271,SILICON_COLD,,82.01285602681386,inf,inf,-16.82005875836,inf,0,371.066359941,-7.305370770653,0,100.0,0.0,-9.828172201811e-07,0.0,1.918498269667e-10,0.0,7.670940624162e-15,0.0,-3.597450428903e-18,0.0,-1.593298521362e-21,0.0,-4.906516442804e-25,0.0,0.0,0.0,0.0,0.0,2.763990337059e-06,0.0,-3.3734439838e-10,0.0,-6.398468183246e-14,0.0,-9.507250240316e-18,0.0,-1.171230051214e-21,0.0,-5.491053542476e-26,0.0,0.0,0.0,0.0
